{ "compressionlevel":-1,
 "height":10,
 "infinite":false,
 "layers":[
        {
         "draworder":"topdown",
         "id":5,
         "name":"interaction",
         "objects":[
                {
                 "height":35,
                 "id":12,
                 "name":"home-room-exit",
                 "rotation":0,
                 "type":"",
                 "visible":true,
                 "width":64,
                 "x":640,
                 "y":373
                }, 
                {
                 "height":100,
                 "id":37,
                 "name":"painting-the-starry-night",
                 "rotation":0,
                 "type":"",
                 "visible":true,
                 "width":71.3333333333333,
                 "x":20.6666666666667,
                 "y":301.333333333333
                }, 
                {
                 "height":107.5,
                 "id":39,
                 "name":"painting-flag",
                 "rotation":0,
                 "type":"",
                 "visible":true,
                 "width":69.5,
                 "x":282.333333333333,
                 "y":25
                }, 
                {
                 "height":99.3333333333334,
                 "id":40,
                 "name":"painting-not-pipe",
                 "rotation":0,
                 "type":"",
                 "visible":true,
                 "width":72.6666666666667,
                 "x":115.333333333333,
                 "y":302.666666666667
                }],
         "opacity":1,
         "type":"objectgroup",
         "visible":true,
         "x":0,
         "y":0
        }, 
        {
         "draworder":"topdown",
         "id":3,
         "name":"collision",
         "objects":[
                {
                 "height":92,
                 "id":13,
                 "name":"",
                 "rotation":0,
                 "type":"",
                 "visible":true,
                 "width":490,
                 "x":-4,
                 "y":-3
                }, 
                {
                 "height":47,
                 "id":15,
                 "name":"",
                 "rotation":0,
                 "type":"",
                 "visible":true,
                 "width":120.5,
                 "x":113.75,
                 "y":89.5
                }, 
                {
                 "height":118.333333333333,
                 "id":17,
                 "name":"",
                 "rotation":0,
                 "type":"",
                 "visible":true,
                 "width":30,
                 "x":255.833333333333,
                 "y":11.6666666666667
                }, 
                {
                 "height":81.6666666666667,
                 "id":18,
                 "name":"",
                 "rotation":0,
                 "type":"",
                 "visible":true,
                 "width":37.75,
                 "x":248.5,
                 "y":214.333333333333
                }, 
                {
                 "height":21.6666666666667,
                 "id":19,
                 "name":"",
                 "rotation":0,
                 "type":"",
                 "visible":true,
                 "width":249.666666666667,
                 "x":11.6666666666667,
                 "y":276.666666666667
                }, 
                {
                 "height":634,
                 "id":20,
                 "name":"",
                 "rotation":0,
                 "type":"",
                 "visible":true,
                 "width":57,
                 "x":-31,
                 "y":-14
                }, 
                {
                 "height":26,
                 "id":21,
                 "name":"",
                 "rotation":0,
                 "type":"",
                 "visible":true,
                 "width":598,
                 "x":-14.6666666666666,
                 "y":586.666666666667
                }, 
                {
                 "height":244,
                 "id":23,
                 "name":"",
                 "rotation":0,
                 "type":"",
                 "visible":true,
                 "width":87.3333333333334,
                 "x":555.333333333333,
                 "y":364.666666666667
                }, 
                {
                 "height":246.666666666667,
                 "id":24,
                 "name":"",
                 "rotation":0,
                 "type":"",
                 "visible":true,
                 "width":98,
                 "x":700.666666666667,
                 "y":364
                }, 
                {
                 "height":45.3333333333333,
                 "id":25,
                 "name":"",
                 "rotation":0,
                 "type":"",
                 "visible":true,
                 "width":89.3333333333334,
                 "x":625.333333333333,
                 "y":410
                }, 
                {
                 "height":232.666666666667,
                 "id":26,
                 "name":"",
                 "rotation":0,
                 "type":"",
                 "visible":true,
                 "width":60.3333333333334,
                 "x":771.666666666667,
                 "y":156.666666666667
                }, 
                {
                 "height":273.333333333333,
                 "id":27,
                 "name":"",
                 "rotation":0,
                 "type":"",
                 "visible":true,
                 "width":380.333333333333,
                 "x":457.666666666667,
                 "y":-13.3333333333333
                }, 
                {
                 "height":99,
                 "id":28,
                 "name":"",
                 "rotation":0,
                 "type":"",
                 "visible":true,
                 "width":64.5,
                 "x":9,
                 "y":179.25
                },
            
                {
                 "height":86,
                 "id":29,
                 "name":"",
                 "rotation":0,
                 "type":"",
                 "visible":true,
                 "width":293.606060606061,
                 "x":-7.5,
                 "y":285
                }, 
                {
                 "height":36,
                 "id":30,
                 "name":"",
                 "rotation":0,
                 "type":"",
                 "visible":true,
                 "width":84,
                 "x":448.25,
                 "y":521.5
                }, 
                {
                 "height":26.5,
                 "id":31,
                 "name":"",
                 "rotation":0,
                 "type":"",
                 "visible":true,
                 "width":39.75,
                 "x":387.5,
                 "y":523.75
                }, 
                {
                 "height":21.5,
                 "id":32,
                 "name":"",
                 "rotation":0,
                 "type":"",
                 "visible":true,
                 "width":27.75,
                 "x":509.25,
                 "y":438.5
                }, 
                {
                 "height":23.5,
                 "id":33,
                 "name":"",
                 "rotation":0,
                 "type":"",
                 "visible":true,
                 "width":28.25,
                 "x":508.5,
                 "y":401.75
                }, 
                {
                 "height":23.5,
                 "id":34,
                 "name":"",
                 "rotation":0,
                 "type":"",
                 "visible":true,
                 "width":28.25,
                 "x":508.5,
                 "y":401.75
                }, 
                {
                 "height":44.25,
                 "id":35,
                 "name":"",
                 "rotation":0,
                 "type":"",
                 "visible":true,
                 "width":58.25,
                 "x":412.75,
                 "y":91
                }],
         "opacity":1,
         "type":"objectgroup",
         "visible":true,
         "x":0,
         "y":0
        }, 
        {
         "id":2,
         "image":"bg.png",
         "imageheight":600,
         "imagewidth":800,
         "name":"bg",
         "opacity":1,
         "type":"imagelayer",
         "visible":true,
         "x":0,
         "y":0
        }],
 "nextlayerid":7,
 "nextobjectid":41,
 "orientation":"orthogonal",
 "renderorder":"right-down",
 "tiledversion":"1.11.0",
 "tileheight":64,
 "tilesets":[],
 "tilewidth":64,
 "type":"map",
 "version":"1.10",
 "width":13
}